576,ANA-DIG-SHOWTIME-AVU-132
576,GDA-2020-06-08-19-03-06
576,ANA-DIG-BUVO-AVU-0829
576,TA-VID-NEWS-20230601
576,ana-dig-da-silva-01
576,ANA-DIG-BUVO-AVU-0668
576,BNA-DIG-ARUBAANSECOURANT-1965-03
576,ANA-DIG-BUVO-AVU-0879
576,ANA-DIG-DEPVOGOB-AVDVC-0006
576,GDA-2020-04-18-19-08-38
576,GDA-2020-05-25-10-08-26
576,ANA-DIG-SHOWTIME-AVU-021
576,TA-VID-NEWS-20230706
576,GDA-2020-03-31-19-01-08
576,BNA-DIG-FUHIKUBO-ARUBA-2022-008
576,GDA-2020-10-26-19-01-36
576,BNA-DIG-FUHIKUBO-ARUBA-2022-003
576,ANA-DIG-VRIESWIJK-AV-001
576,GDA-2020-06-26-19-06-49
576,BNADIGARUBIANA0221
576,BNA-DIG-FUHIKUBO-2024-031
576,ANA-DIG-BUVO-AVU-0741
576,ANA-DIG-MVROLIJK-AVDVC-028
576,GDA-2020-06-11-CONF-GCROES
576,GDA-2020-07-01-19-12-13
576,GDA-2020-04-01-19-05-13
576,BNA-DIG-FUHIKUBO-ARUBA-2022-002
580,EOT20-20201030041334-crawl805
580,EOT20-20201023022027-crawl811
580,EOT20-20201031094816-crawl814
580,EOT20-20201021170031-crawl806
580,EOT20-20201028140952-crawl814
580,EOT20-20210108103105-crawl866
580,EOT20-20201017013211-crawl805
580,EOT20-20201024224106-crawl807
580,EOT20-20201021013458-crawl807
580,EOT20-20201029102038-crawl814
580,EOT20-20201028104933-crawl866
580,EOT20-20201202054926-crawl805
580,EOT20-20201024224152-crawl866
580,EOT20-20201028004758-crawl804
580,EOT20-20201029093538-crawl804
580,EOT20-20201018225050-crawl804
580,EOT20-20201102003634-crawl805
580,EOT20-20201020141752-crawl805
580,EOT20-20201111105852-crawl811
580,EOT20-20201031062748-crawl809
580,EOT20-20201019052417-crawl813
580,EOT20-20201229031237-crawl808
580,EOT20-20201017063023-crawl811
580,EOT20-20201115084634-crawl812
580,EOT20-20201022134559-crawl811
580,EOT20-20201023091155-crawl804
580,EOT20-20201022145904-crawl804
580,EOT20-20201101125716-crawl866
580,EOT20-20201222072222-crawl808
580,EOT20-20201019075444-crawl812
580,EOT20-20201106190225-crawl813
580,EOT20-20201022150047-crawl814
580,EOT20-20201018232526-crawl803
580,EOT20-20210103120225-crawl808
580,EOT20-20201022083611-crawl805
580,EOT20-20201209214026-crawl800
580,EOT20-20201108154730-crawl811
580,EOT20-20201209210100-crawl803
580,EOT20-20201030161007-crawl800
580,EOT20-20201123154528-crawl806
580,EOT20-20201107025324-crawl806
580,EOT20-20201121094646-crawl814
580,EOT20-20201020172617-crawl812
580,EOT20-20210101062341-crawl804
580,EOT20-20201219121734-crawl807
580,EOT20-20201105041016-crawl814
580,EOT20-20201103063938-crawl813
580,EOT20-20201029151111-crawl803
580,EOT20-20201116171209-crawl865
580,EOT20-20201117022830-crawl865
580,EOT20-20210110180033-crawl813
580,EOT20-20201023123057-crawl806
580,EOT20-20201116001942-crawl804
580,EOT20-20201020152803-crawl811
580,EOT20-20201020174116-crawl814
580,EOT20-20201016224557-crawl800
580,EOT20-20201027214348-crawl813
580,EOT20-20201024113803-crawl866
580,EOT20-20201101091410-crawl814
580,EOT20-20201106132516-crawl804
580,EOT20-20201018155224-crawl807
580,EOT20-20201030042907-crawl804
580,EOT20-20201118201416-crawl809
580,EOT20-20201028011342-crawl806
580,EOT20-20201221092329-crawl811
580,EOT20-20201020040627-crawl866
580,EOT20-20201020140949-crawl811
580,EOT20-20201101105107-crawl803
580,EOT20-20201019044246-crawl814
580,EOT20-20201029223221-crawl807
580,EOT20-20201019125748-crawl813
580,EOT20-20201017163706-crawl800
580,EOT20-20201021141804-crawl814
580,EOT20-20201020043712-crawl805
580,EOT20-20201123190031-crawl806
580,EOT20-20201016162331-crawl800
580,EOT20-20201024041920-crawl812
580,EOT20-20201220045828-crawl800
580,EOT20-20201028040357-crawl803
580,EOT20-20201017163053-crawl811
580,EOT20-20201023041732-crawl866
580,EOT20-20201101000256-crawl812
580,EOT20-20201028195500-crawl807
580,EOT20-20201101133025-crawl811
580,EOT20-20201016230603-crawl806
580,EOT20-20201123184130-crawl811
580,EOT20-20201021054520-crawl806
580,EOT20-20201028171818-crawl812
580,EOT20-20201019130110-crawl800
580,EOT20-20201030035620-crawl811
580,EOT20-20201031050415-crawl800
580,EOT20-20201028104615-crawl803
580,EOT20-20201016164920-crawl805
580,EOT20-20201011004030-crawl812
580,EOT20-20201019092500-crawl804
580,EOT20-20201019204752-crawl812
580,EOT20-20210116052600-crawl803
580,EOT20-20201226211622-crawl812
580,EOT20-20201029112334-crawl806
580,EOT20-20201018184206-crawl800
580,EOT20-20201024012003-crawl812
580,EOT20-20201110003341-crawl865
580,EOT20-20201029023022-crawl813
580,EOT20-20201016175957-crawl808
580,EOT20-20201115065837-crawl804
580,EOT20-20201114115337-crawl866
580,EOT20-20201031222329-crawl805
580,EOT20-20201028174159-crawl807
580,EOT20-20201029121901-crawl806
580,EOT20-20201028005408-crawl803
580,EOT20-20201230031135-crawl814
580,EOT20-20201017095825-crawl812
580,EOT20-20201028134155-crawl808
580,EOT20-20201024083233-crawl800
580,EOT20-20201203053332-crawl814
580,EOT20-20201029214203-crawl807
580,EOT20-20201102083107-crawl805
580,EOT20-20201021030346-crawl809
580,EOT20-20201021095905-crawl812
580,EOT20-20201202070430-crawl866
580,EOT20-20201021001512-crawl811
580,EOT20-20201020041808-crawl866
580,EOT20-20201101113800-crawl813
580,EOT20-20201024040140-crawl800
580,EOT20-20201124022047-crawl811
580,EOT20-20201021004138-crawl865
580,EOT20-20201028125107-crawl800
580,EOT20-20201024212735-crawl804
580,EOT20-20201029020705-crawl807
580,EOT20-20201028042408-crawl865
580,EOT20-20201027220300-crawl804
580,EOT20-20201029084738-crawl813
580,EOT20-20201024174523-crawl803
580,EOT20-20201028133352-crawl811
580,EOT20-20210114231905-crawl804
580,EOT20-20201018172517-crawl805
580,EOT20-20201019102534-crawl804
580,EOT20-20201022204357-crawl805
580,EOT20-20201030105529-crawl866
580,EOT20-20201021121944-crawl814
580,EOT20-20201020052534-crawl813
580,EOT20-20201117045138-crawl811
580,EOT20-20201127111658-crawl808
580,EOT20-20201024223907-crawl809
580,EOT20-20201112163322-crawl866
580,EOT20-20201020135949-crawl806
580,EOT20-20201016222215-crawl808
580,EOT20-20201203040716-crawl807
580,EOT20-20201023073457-crawl806
580,EOT20-20201023182911-crawl804
580,EOT20-20201102002523-crawl808
580,EOT20-20201019135245-crawl807
580,EOT20-20201024143124-crawl806
580,EOT20-20201028152446-crawl800
580,EOT20-20201220062357-crawl814
580,EOT20-20201022052803-crawl806
580,EOT20-20201128044503-crawl811
580,EOT20-20201110054635-crawl800
580,EOT20-20201028141726-crawl804
580,EOT20-20201019093851-crawl804
580,EOT20-20210105113643-crawl811
580,EOT20-20201019161716-crawl814
580,EOT20-20201028071002-crawl814
580,EOT20-20210109141750-crawl808
580,EOT20-20201020041449-crawl805
580,EOT20-20201016215852-crawl800
580,EOT20-20201124234111-crawl806
580,EOT20-20201023153900-crawl806
580,EOT20-20201019032905-crawl807
580,EOT20-20201107041605-crawl807
580,EOT20-20201106124600-crawl807
580,EOT20-20210119032728-crawl805
580,EOT20-20201109232330-crawl814
580,EOT20-20201024084418-crawl806
580,EOT20-20201102030912-crawl814
580,EOT20-20201119231516-crawl804
580,EOT20-20201109102027-crawl814
580,EOT20-20201021050322-crawl865
580,EOT20-20201028155050-crawl865
580,EOT20-20201022183031-crawl812
580,EOT20-20201128035122-crawl814
580,EOT20-20201018144829-crawl808
580,EOT20-20201016160432-crawl807
580,EOT20-20201106055154-crawl804
580,EOT20-20201024084118-crawl804
580,EOT20-20201019125528-crawl814
580,EOT20-20201019144329-crawl803
580,EOT20-20201202171458-crawl811
580,EOT20-20201020004408-crawl865
580,EOT20-20201031065717-crawl807
580,EOT20-20201030125511-crawl804
580,EOT20-20201118123116-crawl808
580,EOT20-20201028132643-crawl809
580,EOT20-20201128043132-crawl866
580,EOT20-20210101220836-crawl865
580,EOT20-20201031050948-crawl809
580,EOT20-20201102035613-crawl803
580,EOT20-20201020010540-crawl807
580,EOT20-20201018233218-crawl804
580,EOT20-20201102142443-crawl800
580,EOT20-20201029051127-crawl809
580,EOT20-20201021014152-crawl805
580,EOT20-20201019191511-crawl804
580,EOT20-20201018024938-crawl803
580,EOT20-20201020120638-crawl814
580,EOT20-20201104013109-crawl866
580,EOT20-20201207011416-crawl805
580,EOT20-20201028100907-crawl807
580,EOT20-20201020103938-crawl812
580,EOT20-20201019070259-crawl806
580,EOT20-20201031235520-crawl803
580,EOT20-20201201054753-crawl814
580,EOT20-20201018210902-crawl805
580,EOT20-20210117034443-crawl800
580,EOT20-20201027211750-crawl814
580,EOT20-20201030081751-crawl805
580,EOT20-20201204224951-crawl809
580,EOT20-20201101162258-crawl865
580,EOT20-20201031213854-crawl814
580,EOT20-20201030065512-crawl813
580,EOT20-20201024195253-crawl800
580,EOT20-20201020050734-crawl806
580,EOT20-20201118103106-crawl814
580,EOT20-20201016163930-crawl812
580,EOT20-20210106031338-crawl813
580,EOT20-20201119042427-crawl813
580,EOT20-20201130212933-crawl814
580,EOT20-20201019024646-crawl811
580,EOT20-20201101090648-crawl805
580,EOT20-20201109003233-crawl866
580,EOT20-20201101235950-crawl806
580,EOT20-20201104213859-crawl803
580,EOT20-20201018132342-crawl803
580,EOT20-20201101142345-crawl814
580,EOT20-20201019142114-crawl813
580,EOT20-20201102132510-crawl814
580,EOT20-20201023174640-crawl807
580,EOT20-20201115100656-crawl807
580,EOT20-20201106075601-crawl811
580,EOT20-20201017200115-crawl807
580,EOT20-20201101111955-crawl800
580,EOT20-20201023211030-crawl865
580,EOT20-20201018025619-crawl814
580,EOT20-20201019101116-crawl811
580,EOT20-20201107055134-crawl814
580,EOT20-20201023205750-crawl812
580,EOT20-20201101033253-crawl800
580,EOT20-20201117132154-crawl813
580,EOT20-20201110063544-crawl806
580,EOT20-20201021010622-crawl806
580,EOT20-20201019003650-crawl812
580,EOT20-20201017161035-crawl806
580,EOT20-20201019164600-crawl813
580,EOT20-20201024200940-crawl866
580,EOT20-20201019204542-crawl866
580,EOT20-20201103054805-crawl865
580,EOT20-20201107021743-crawl804
580,EOT20-20201019020021-crawl814
580,EOT20-20201028182755-crawl807
580,EOT20-20201030042245-crawl808
580,EOT20-20201020213427-crawl807
580,EOT20-20201027224521-crawl813
580,EOT20-20201024090100-crawl811
580,EOT20-20201020211603-crawl812
580,EOT20-20201028152537-crawl805
580,EOT20-20201028173827-crawl806
580,EOT20-20201021181049-crawl814
580,EOT20-20201022070450-crawl806
580,EOT20-20201019102349-crawl814
580,EOT20-20201105200846-crawl813
580,EOT20-20201030115917-crawl811
580,EOT20-20201017165952-crawl808
580,EOT20-20201024193413-crawl812
580,EOT20-20201219062919-crawl813
580,EOT20-20201030023718-crawl808
580,EOT20-20201110102701-crawl814
580,EOT20-20201019233858-crawl804
580,EOT20-20201022061448-crawl811
580,EOT20-20201020163455-crawl803
580,EOT20-20201101133638-crawl803
580,EOT20-20201018224245-crawl803
580,EOT20-20201016222244-crawl804
580,EOT20-20201201120505-crawl803
580,EOT20-20201114173337-crawl807
580,EOT20-20201021112903-crawl806
580,EOT20-20201018225901-crawl808
580,EOT20-20201213224518-crawl812
580,EOT20-20210117164706-crawl805
580,EOT20-20201123095714-crawl812
580,EOT20-20201129105142-crawl814
580,EOT20-20201107190905-crawl812
580,EOT20-20201021090644-crawl812
580,EOT20-20201016163815-crawl808
580,EOT20-20201018014338-crawl809
580,EOT20-20201028002447-crawl807
580,EOT20-20201023151051-crawl806
580,EOT20-20201023041921-crawl803
580,EOT20-20201030153542-crawl808
580,EOT20-20201203032240-crawl809
580,EOT20-20201117230317-crawl807
580,EOT20-20201029005554-crawl806
580,EOT20-20201224223059-crawl803
580,EOT20-20201121163938-crawl806
580,EOT20-20201106175145-crawl807
580,EOT20-20201017001935-crawl805
580,EOT20-20201101094152-crawl804
580,EOT20-20201029002053-crawl865
580,EOT20-20201029120423-crawl805
580,EOT20-20201106195906-crawl805
580,EOT20-20201020005316-crawl865
580,EOT20-20201028031203-crawl809
580,EOT20-20201024143145-crawl803
580,EOT20-20201220032644-crawl811
580,EOT20-20210107003644-crawl803
580,EOT20-20201020102851-crawl805
580,EOT20-20201031011226-crawl805
580,EOT20-20201209205735-crawl805
580,EOT20-20201129030930-crawl811
580,EOT20-20201217152612-crawl808
580,EOT20-20201020002802-crawl804
580,EOT20-20201103054821-crawl814
580,EOT20-20201028185811-crawl808
580,EOT20-20201101073953-crawl803
580,EOT20-20210106052051-crawl866
580,EOT20-20201105061641-crawl804
580,EOT20-20201209164831-crawl812
580,EOT20-20201020041521-crawl804
580,EOT20-20201023152657-crawl813
580,EOT20-20201020095919-crawl814
580,EOT20-20201024231426-crawl812
580,EOT20-20201028110912-crawl807
580,EOT20-20201108165106-crawl804
580,EOT20-20201021010502-crawl811
580,EOT20-20201128165945-crawl813
580,EOT20-20201019155425-crawl813
580,EOT20-20201023141203-crawl813
580,EOT20-20201019210107-crawl812
580,EOT20-20201107032541-crawl865
580,EOT20-20201012143854-crawl803
580,EOT20-20201019005000-crawl804
580,EOT20-20201017045709-crawl805
580,EOT20-20210116173504-crawl804
580,EOT20-20201029022543-crawl866
580,EOT20-20201018104325-crawl803
580,EOT20-20201021015411-crawl800
580,EOT20-20201028034538-crawl808
580,EOT20-20201108202531-crawl812
580,EOT20-20201101074246-crawl804
580,EOT20-20201020235616-crawl812
580,EOT20-20201018190430-crawl809
580,EOT20-20201028102814-crawl811
580,EOT20-20201021180934-crawl807
580,EOT20-20201019072342-crawl807
580,EOT20-20201029225948-crawl812
580,EOT20-20201021193914-crawl814
580,EOT20-20201101054744-crawl808
580,EOT20-20201031053916-crawl811
580,EOT20-20201019175437-crawl808
580,EOT20-20201017040647-crawl813
580,EOT20-20201018011058-crawl805
580,EOT20-20201031072633-crawl808
580,EOT20-20201031034548-crawl804
580,EOT20-20201018022829-crawl809
580,EOT20-20201101225004-crawl805
580,EOT20-20201031044014-crawl813
580,EOT20-20201017111914-crawl806
580,EOT20-20201103231911-crawl813
580,EOT20-20201231160750-crawl813
580,EOT20-20201018235704-crawl808
580,EOT20-20201028070204-crawl813
580,EOT20-20201018222556-crawl803
580,EOT20-20201024063810-crawl803
580,EOT20-20201019013822-crawl811
580,EOT20-20201112071042-crawl865
580,EOT20-20201103043805-crawl812
580,EOT20-20201022075228-crawl813
580,EOT20-20201127083333-crawl813
580,EOT20-20201030005853-crawl866
580,EOT20-20201113034716-crawl866
580,EOT20-20201021000319-crawl808
580,EOT20-20201202021453-crawl811
580,EOT20-20201024134130-crawl805
580,EOT20-20201020122148-crawl866
580,EOT20-20201019103107-crawl800
580,EOT20-20201019041003-crawl814
580,EOT20-20201022155225-crawl814
580,EOT20-20201019174724-crawl812
580,EOT20-20201106162321-crawl811
580,EOT20-20201023112756-crawl805
580,EOT20-20210108062758-crawl803
580,EOT20-20201016222125-crawl805
580,EOT20-20201222173023-crawl800
580,EOT20-20201201131409-crawl804
580,EOT20-20201120162121-crawl803
580,EOT20-20201024100705-crawl808
580,EOT20-20201211193116-crawl866
580,EOT20-20201212175547-crawl814
580,EOT20-20201020013530-crawl803
580,EOT20-20201024133657-crawl806
580,EOT20-20201020051739-crawl805
580,EOT20-20201029232811-crawl813
580,EOT20-20201206093913-crawl804
580,EOT20-20201019163915-crawl803
580,EOT20-20201110054006-crawl866
580,EOT20-20201020132826-crawl805
580,EOT20-20201029111514-crawl866
580,EOT20-20201028083340-crawl812
580,EOT20-20201020235428-crawl866
580,EOT20-20201018020704-crawl811
580,EOT20-20201028030604-crawl804
580,EOT20-20201024140419-crawl865
580,EOT20-20201020154848-crawl808
580,EOT20-20201029063522-crawl865
580,EOT20-20201107200304-crawl811
580,EOT20-20201020203602-crawl813
580,EOT20-20210117031714-crawl814
580,EOT20-20201103140413-crawl807
580,EOT20-20201028084205-crawl803
580,EOT20-20201207124144-crawl809
580,EOT20-20201029233345-crawl866
580,EOT20-20201016193356-crawl814
580,EOT20-20201016182231-crawl811
580,EOT20-20201227021913-crawl807
580,EOT20-20201028015337-crawl811
580,EOT20-20201018011542-crawl808
580,EOT20-20201029011145-crawl866
580,EOT20-20201031100234-crawl805
580,EOT20-20201019224807-crawl866
580,EOT20-20201023050215-crawl803
580,EOT20-20201022113218-crawl805
580,EOT20-20201019204000-crawl865
580,EOT20-20201016161718-crawl813
580,EOT20-20201019143326-crawl813
580,EOT20-20210111121513-crawl814
580,EOT20-20201019102208-crawl806
580,EOT20-20201214103715-crawl809
580,EOT20-20201021040241-crawl814
580,EOT20-20201029061630-crawl806
580,EOT20-20201019071645-crawl807
580,EOT20-20201016222126-crawl806
580,EOT20-20201023231438-crawl865
580,EOT20-20201023190707-crawl809
580,EOT20-20201018143232-crawl805
580,EOT20-20201020234818-crawl807
580,EOT20-20201031033422-crawl800
580,EOT20-20201019091642-crawl804
580,EOT20-20201029234457-crawl805
580,EOT20-20201019124725-crawl805
580,EOT20-20201016220107-crawl808
580,EOT20-20201120111239-crawl811
581,GDA-PROG-2020-06-03
581,GDA-2020-03-17-12-10-23
581,GDA-2020-04-05-CONF
581,TA-VID-NEWS-20230712
581,GDA-2020-04-11-19-06-17
581,ANA-DIG-DEPVOGOB-AVDVC-0010
581,BNA-DIG-ARUBAANSECOURANT-1965-02
581,TA-VID-NEWS-20230616
581,ANA-DIG-DEPVOGOB-AVDVC-0007
581,ANA-DIG-BUVO-AVU-0897
581,ANA-DIG-BUVO-AVU-0835
581,TA-VID-NEWS-20230623
581,GDA-2020-05-18-14-00-22
581,GDA-2021-08-18-11-51-25
581,ANA-DIG-BUVO-AVU-0895
581,ANA-DIG-BUVO-AVU-0678
581,TA-VID-NEWS-20230918
581,TA-VID-NEWS-20230922
581,TA-VID-NEWS-20230816
581,TA-VID-NEWS-20230804
581,TA-VID-NEWS-20230821
581,TA-VID-NEWS-20230904
581,GDA-2020-03-27-14-16-26
581,BNA-DIG-ARUBAANSECOURANT-1965-01
581,TA-VID-NEWS-20230619
581,GDA-2020-11-19-10-18-52
581,TA-VID-NEWS-20230605
581,TA-VID-NEWS-20230626
581,TA-VID-NEWS-20230913
581,TA-VID-NEWS-20230612
581,ANA-DIG-BUVO-AVU-0738
581,ANA-DIG-DEPVOGOB-AVDVC-0003
581,GDA-2020-06-29-19-09-15
581,ANA-DIG-BUVO-AVU-0803
581,ANA-DIG-DEPVOGOB-AVDVC-0008
581,ANA-DIG-BUVO-AVU-0736
581,ANA-DIG-MVROLIJK-AVDVC-004
581,TA-VID-NEWS-20230908
581,BNA-DIG-FUHIKUBO-ARUBA-2019-001
581,TA-VID-NEWS-20230724
581,TA-VID-NEWS-20230607
581,ANA-DIG-MINFIC-ANA-01
581,TA-VID-NEWS-20230809
581,TA-VID-NEWS-20230719
581,GDA-2020-04-08-19-03-25
581,BNADIGDESPERTADOR19341935
581,TA-VID-NEWS-20230707
581,GDA-2020-05-06-14-00-44
581,TA-VID-NEWS-20230609
581,TA-VID-NEWS-20230630
581,TA-VID-NEWS-20230614
581,TA-VID-NEWS-20230628
581,TA-VID-NEWS-20230823
581,BNA-DIG-FUHIKUBO-ARUBA-2021-001
581,GDA-2020-04-06-14-07-22
581,ANA-DIG-BUVO-AVU-0775
581,GDA-2020-06-04-09-45-41
581,TA-VID-NEWS-20230915
581,ANA-DIG-BUVO-AVU-0792
581,ANA-DIG-AVROLIJK-08-02
581,ANA-DIG-BUVO-AVU-0923
581,TA-VID-NEWS-20230728
581,TA-VID-NEWS-20230828
581,ANA-DIG-BUVO-AVU-0762
581,TA-VID-NEWS-20230703
581,ANA-DIG-KAMSTEEG-SLIDESHOW-01
581,GDA-2020-04-28-14-01-38
581,GDA-2020-04-21-13-59-38
581,ANA-DIG-MINFIC-SCLAVITUD-05
581,TA-VID-NEWS-20230717
581,TA-VID-NEWS-20230721
581,GDA-2020-04-02-14-09-19
581,ANA-DIG-BUVO-AVU-0788
581,ANA-DIG-BUVO-AVU-0093-1
581,TA-VID-NEWS-20230818
581,TA-VID-NEWS-20230621
581,GDA-2020-03-19-15-26-17
581,ANA-DIG-BUVO-AVU-0721
581,UNOCA-DIG-TOUR-CULTURAL-2013
581,TA-VID-NEWS-20230814
581,BNA-DIG-FUHIKUBO-ARUBA-2022-018
581,TA-VID-NEWS-20230906
581,BNA-DIG-FUHIKUBO-ARUBA-2017-005
581,TA-VID-NEWS-20230901
581,ANA-DIG-DEPVOGOB-AVDVC-0020
581,TA-VID-NEWS-20230920
581,BNA-DIG-ARUBAANSECOURANT-1965-04
581,ANA-DIG-EILANDSRAAD-1959-08
581,TA-VID-NEWS-20230911
581,GDA-2020-03-30-14-05-57
581,GDA-2020-03-19-16-14-31
581,FUHIKUBO-DIG-RNB-015
581,ANA-DIG-BUVO-AVU-0397
581,BNA-DIG-FUHIKUBO-ARUBA-2016-002
581,ANA-DIG-DEPVOGOB-AVDVC-0012
581,BNA-DIG-FUHIKUBO-ARUBA-2017-001
581,ANA-DIG-BUVO-AVU-0750
581,ANA-DIG-DEPVOGOB-AVDVC-0005
581,GDA-2020-03-17-20-11-51
581,TA-VID-NEWS-20230714
581,ANA-DIG-BUVO-AVV-0022
581,GDA-2020-04-11-19-48-29
581,TA-VID-NEWS-20230802
581,ANA-DIG-BUVO-AVU-0854
581,GDA-2020-03-26-14-58-45
581,TA-VID-NEWS-20230710
581,ANA-DIG-BUVO-AVU-0871
581,GDA-2020-04-09-14-02-03
581,BNA-DIG-FUHIKUBO-ARUBA-2014-002
581,GDA-2020-06-01-19-12-49
581,ANA-DIG-MVROLIJK-AVDVC-014
581,TA-VID-NEWS-20230726
581,GDA-2020-06-19-19-06-15
581,ANA-DIG-BUVO-AVU-0825
581,ANA-DIG-DEPVOGOB-AVDVC-0017
581,ANA-DIG-BUVO-AVU-0138
581,FUHIKUBO-DIG-RNB-020
581,COLECCION.AW-DIG-LAUNCH-2023-09-28
581,ANA-DIG-BUVO-AVU-0761
581,GDA-PROG-2020-06-01
581,GDA-2020-03-20-14-58-15
581,TA-VID-NEWS-20230731
581,TA-VID-NEWS-20230811
581,GDA-2020-04-03-19-01-32
581,ANA-DIG-BUVO-AVU-0831
581,ANA-DIG-BUVO-AVU-0739
581,ANA-DIG-BUVO-AVU-0744
582,EOT24INTERIM-20241127182817-crawl912
582,EOT24INTERIM-20241127192358-crawl912
582,EOT24INTERIM-20241127193449-crawl843
582,EOT24INTERIM-20241127182321-crawl912
582,EOT24INTERIM-20241127181205-crawl912
582,EOT24INTERIM-20241127193431-crawl912
582,EOT24INTERIM-20241127180711-crawl843
582,EOT24INTERIM-20241127182645-crawl912
582,EOT24INTERIM-20241127191920-crawl912
582,EOT24INTERIM-20241127185342-crawl912
582,EOT24INTERIM-20241127180138-crawl912
582,EOT24INTERIM-20241127193408-crawl912
582,EOT24INTERIM-20241127185723-crawl912
582,EOT24INTERIM-20241127193712-crawl912
582,EOT24INTERIM-20241127183827-crawl912
582,EOT24INTERIM-20241127185437-crawl912
582,EOT24INTERIM-20241127193153-crawl912
582,EOT24INTERIM-20241127175651-crawl843
582,EOT24INTERIM-20241127183925-crawl912
582,EOT24INTERIM-20241127182424-crawl912
582,EOT24INTERIM-20241127190734-crawl912
582,EOT24INTERIM-20241127182317-crawl912
582,EOT24INTERIM-20241127191515-crawl912
582,EOT24INTERIM-20241127181609-crawl912
582,EOT24INTERIM-20241127194725-crawl912
582,EOT24INTERIM-20241127194706-crawl912
582,EOT24INTERIM-20241127181808-crawl912
582,EOT24INTERIM-20241127182205-crawl912
582,EOT24INTERIM-20241127195151-crawl912
582,EOT24INTERIM-20241127184331-crawl912
582,EOT24INTERIM-20241127181655-crawl912
582,EOT24INTERIM-20241127195817-crawl912
582,EOT24INTERIM-20241127182211-crawl912
582,EOT24INTERIM-20241127183903-crawl912
582,EOT24INTERIM-20241127191207-crawl912
582,EOT24INTERIM-20241127194501-crawl912
582,EOT24INTERIM-20241127193910-crawl912
582,EOT24INTERIM-20241127183517-crawl912
582,EOT24INTERIM-20241127182958-crawl912
582,EOT24INTERIM-20241127185610-crawl843
582,EOT24INTERIM-20241127190711-crawl912
582,EOT24INTERIM-20241127183737-crawl912
582,EOT24INTERIM-20241127200349-crawl912
582,EOT24INTERIM-20241127195115-crawl912
582,EOT24INTERIM-20241127192806-crawl843
582,EOT24INTERIM-20241127183312-crawl912
582,EOT24INTERIM-20241127182053-crawl912
582,EOT24INTERIM-20241127191921-crawl912
582,EOT24INTERIM-20241127185435-crawl843
582,EOT24INTERIM-20241127184537-crawl912
582,EOT24INTERIM-20241127192644-crawl912
582,EOT24INTERIM-20241127184406-crawl912
582,EOT24INTERIM-20241127182412-crawl912
582,EOT24INTERIM-20241127195405-crawl912
582,EOT24INTERIM-20241127193538-crawl843
582,EOT24INTERIM-20241127183159-crawl843
582,EOT24INTERIM-20241127191035-crawl912
582,EOT24INTERIM-20241127191136-crawl912
582,EOT24INTERIM-20241127184412-crawl912
582,EOT24INTERIM-20241127180546-crawl912
582,EOT24INTERIM-20241127180938-crawl912
582,EOT24INTERIM-20241127191151-crawl912
582,EOT24INTERIM-20241127180801-crawl912
582,EOT24INTERIM-20241127195914-crawl912
582,EOT24INTERIM-20241127193021-crawl912
582,EOT24INTERIM-20241127195551-crawl912
582,EOT24INTERIM-20241127190815-crawl843
582,EOT24INTERIM-20241127200303-crawl912
582,EOT24INTERIM-20241127180322-crawl912
582,EOT24INTERIM-20241127190310-crawl912
582,EOT24INTERIM-20241127193620-crawl912
582,EOT24INTERIM-20241127193351-crawl843
582,EOT24INTERIM-20241127175804-crawl843
582,EOT24INTERIM-20241127181208-crawl912
582,EOT24INTERIM-20241127175538-crawl912
582,EOT24INTERIM-20241127195702-crawl843
582,EOT24INTERIM-20241127180654-crawl843
582,EOT24INTERIM-20241127192204-crawl912
582,EOT24INTERIM-20241127193905-crawl912
582,EOT24INTERIM-20241127192129-crawl912
582,EOT24INTERIM-20241127175638-crawl912
582,EOT24INTERIM-20241127180053-crawl912
582,EOT24INTERIM-20241127194825-crawl912
582,EOT24INTERIM-20241127175746-crawl843
582,EOT24INTERIM-20241127175130-crawl912
582,EOT24INTERIM-20241127185139-crawl912
582,EOT24INTERIM-20241127180042-crawl912
582,EOT24INTERIM-20241127182310-crawl843
582,EOT24INTERIM-20241127180355-crawl843
582,EOT24INTERIM-20241127185600-crawl912
582,EOT24INTERIM-20241127175214-crawl843
582,EOT24INTERIM-20241127183345-crawl912
582,EOT24INTERIM-20241127194259-crawl912
582,EOT24INTERIM-20241127181710-crawl912
582,EOT24INTERIM-20241127174425-crawl843
582,EOT24INTERIM-20241127183430-crawl912
582,EOT24INTERIM-20241127174411-crawl912
582,EOT24INTERIM-20241127194310-crawl912
582,EOT24INTERIM-20241127180720-crawl912
582,EOT24INTERIM-20241127185123-crawl912
582,EOT24INTERIM-20241127185207-crawl912
582,EOT24INTERIM-20241127180752-crawl912
582,EOT24INTERIM-20241127192807-crawl912
582,EOT24INTERIM-20241127184704-crawl843
582,EOT24INTERIM-20241127180809-crawl843
582,EOT24INTERIM-20241127185324-crawl912
582,EOT24INTERIM-20241127192131-crawl912
582,EOT24INTERIM-20241127190402-crawl912
582,EOT24INTERIM-20241127181736-crawl843
582,EOT24INTERIM-20241127180539-crawl912
582,EOT24INTERIM-20241127181420-crawl912
582,EOT24INTERIM-20241127185935-crawl912
582,EOT24INTERIM-20241127190521-crawl912
582,EOT24INTERIM-20241127175834-crawl912
583,EOT24INTERIM-20241127204550-crawl843
583,EOT24INTERIM-20241127215238-crawl912
583,EOT24INTERIM-20241127203220-crawl912
583,EOT24INTERIM-20241127210700-crawl912
583,EOT24INTERIM-20241127212734-crawl912
583,EOT24INTERIM-20241127214143-crawl912
583,EOT24INTERIM-20241127221736-crawl843
583,EOT24INTERIM-20241127222943-crawl912
583,EOT24INTERIM-20241127220936-crawl912
583,EOT24INTERIM-20241127211135-crawl912
583,EOT24INTERIM-20241127201428-crawl912
583,EOT24INTERIM-20241127205910-crawl912
583,EOT24INTERIM-20241127221322-crawl912
583,EOT24INTERIM-20241127203000-crawl912
583,EOT24INTERIM-20241127203450-crawl843
583,EOT24INTERIM-20241127221303-crawl843
583,EOT24INTERIM-20241127203859-crawl912
583,EOT24INTERIM-20241127223628-crawl912
583,EOT24INTERIM-20241127203608-crawl912
583,EOT24INTERIM-20241127200631-crawl912
583,EOT24INTERIM-20241127222900-crawl912
583,EOT24INTERIM-20241127202510-crawl912
583,EOT24INTERIM-20241127203635-crawl843
583,EOT24INTERIM-20241127211801-crawl912
583,EOT24INTERIM-20241127212514-crawl912
583,EOT24INTERIM-20241127205615-crawl912
583,EOT24INTERIM-20241127214203-crawl912
583,EOT24INTERIM-20241127201740-crawl912
583,EOT24INTERIM-20241127213027-crawl912
583,EOT24INTERIM-20241127215750-crawl912
583,EOT24INTERIM-20241127201930-crawl912
583,EOT24INTERIM-20241127201645-crawl912
583,EOT24INTERIM-20241127215720-crawl912
583,EOT24INTERIM-20241127210601-crawl912
583,EOT24INTERIM-20241127200501-crawl912
583,EOT24INTERIM-20241127213633-crawl912
583,EOT24INTERIM-20241127221308-crawl912
583,EOT24INTERIM-20241127205121-crawl912
583,EOT24INTERIM-20241127201929-crawl912
583,EOT24INTERIM-20241127213449-crawl912
583,EOT24INTERIM-20241127213633-crawl843
583,EOT24INTERIM-20241127212415-crawl912
583,EOT24INTERIM-20241127201250-crawl912
583,EOT24INTERIM-20241127215749-crawl912
583,EOT24INTERIM-20241127214112-crawl912
583,EOT24INTERIM-20241127222239-crawl912
583,EOT24INTERIM-20241127220145-crawl843
583,EOT24INTERIM-20241127205747-crawl912
583,EOT24INTERIM-20241127212710-crawl912
583,EOT24INTERIM-20241127220640-crawl912
583,EOT24INTERIM-20241127220541-crawl912
583,EOT24INTERIM-20241127202955-crawl912
583,EOT24INTERIM-20241127210519-crawl912
583,EOT24INTERIM-20241127205237-crawl912
583,EOT24INTERIM-20241127214805-crawl912
583,EOT24INTERIM-20241127214110-crawl912
583,EOT24INTERIM-20241127202357-crawl912
583,EOT24INTERIM-20241127212008-crawl843
583,EOT24INTERIM-20241127202801-crawl912
583,EOT24INTERIM-20241127215410-crawl843
583,EOT24INTERIM-20241127205623-crawl912
583,EOT24INTERIM-20241127223425-crawl912
583,EOT24INTERIM-20241127220625-crawl912
583,EOT24INTERIM-20241127215201-crawl912
583,EOT24INTERIM-20241127200706-crawl843
583,EOT24INTERIM-20241127221820-crawl912
583,EOT24INTERIM-20241127202853-crawl912
583,EOT24INTERIM-20241127201152-crawl912
583,EOT24INTERIM-20241127213141-crawl912
583,EOT24INTERIM-20241127205448-crawl843
583,EOT24INTERIM-20241127211854-crawl912
583,EOT24INTERIM-20241127212248-crawl912
583,EOT24INTERIM-20241127222421-crawl912
583,EOT24INTERIM-20241127220601-crawl912
583,EOT24INTERIM-20241127221917-crawl912
583,EOT24INTERIM-20241127204652-crawl912
583,EOT24INTERIM-20241127211621-crawl843
583,EOT24INTERIM-20241127210922-crawl843
583,EOT24INTERIM-20241127211252-crawl912
583,EOT24INTERIM-20241127214817-crawl912
583,EOT24INTERIM-20241127201437-crawl912
583,EOT24INTERIM-20241127214435-crawl843
583,EOT24INTERIM-20241127211018-crawl912
583,EOT24INTERIM-20241127211548-crawl912
583,EOT24INTERIM-20241127202230-crawl912
583,EOT24INTERIM-20241127203836-crawl912
583,EOT24INTERIM-20241127214722-crawl912
583,EOT24INTERIM-20241127222454-crawl843
583,EOT24INTERIM-20241127205239-crawl912
583,EOT24INTERIM-20241127200800-crawl912
583,EOT24INTERIM-20241127215322-crawl912
583,EOT24INTERIM-20241127203359-crawl912
583,EOT24INTERIM-20241127204445-crawl912
583,EOT24INTERIM-20241127201407-crawl843
583,EOT24INTERIM-20241127223003-crawl912
583,EOT24INTERIM-20241127205313-crawl912
583,EOT24INTERIM-20241127214903-crawl912
583,EOT24INTERIM-20241127215943-crawl912
583,EOT24INTERIM-20241127204438-crawl912
583,EOT24INTERIM-20241127212748-crawl912
583,EOT24INTERIM-20241127210127-crawl912
583,EOT24INTERIM-20241127204255-crawl912
583,EOT24INTERIM-20241127211046-crawl912
583,EOT24INTERIM-20241127200902-crawl843
583,EOT24INTERIM-20241127220749-crawl912
583,EOT24INTERIM-20241127212344-crawl843
583,EOT24INTERIM-20241127221257-crawl912
583,EOT24INTERIM-20241127203406-crawl912
583,EOT24INTERIM-20241127213420-crawl843
583,EOT24INTERIM-20241127222402-crawl912
583,EOT24INTERIM-20241127222908-crawl912
583,EOT24INTERIM-20241127200354-crawl912
583,EOT24INTERIM-20241127212331-crawl912
584,EOT24INTERIM-20241128060204-crawl843
584,EOT24INTERIM-20241128042424-crawl912
584,EOT24INTERIM-20241128031702-crawl912
584,EOT24INTERIM-20241128050522-crawl912
584,EOT24INTERIM-20241128030355-crawl843
584,EOT24INTERIM-20241127231300-crawl843
584,EOT24INTERIM-20241128032712-crawl843
584,EOT24INTERIM-20241128054820-crawl912
584,EOT24INTERIM-20241128061233-crawl912
584,EOT24INTERIM-20241127234343-crawl912
584,EOT24INTERIM-20241128024534-crawl912
584,EOT24INTERIM-20241128043650-crawl912
584,EOT24INTERIM-20241128054023-crawl912
584,EOT24INTERIM-20241127231239-crawl912
584,EOT24INTERIM-20241128040635-crawl912
584,EOT24INTERIM-20241128041227-crawl843
584,EOT24INTERIM-20241128035306-crawl912
584,EOT24INTERIM-20241128045054-crawl912
584,EOT24INTERIM-20241128041416-crawl912
584,EOT24INTERIM-20241128035459-crawl912
584,EOT24INTERIM-20241128031034-crawl912
584,EOT24INTERIM-20241127224224-crawl912
584,EOT24INTERIM-20241128060320-crawl912
584,EOT24INTERIM-20241128011631-crawl912
584,EOT24INTERIM-20241127225853-crawl912
584,EOT24INTERIM-20241128051116-crawl843
584,EOT24INTERIM-20241128052358-crawl912
584,EOT24INTERIM-20241128002226-crawl912
584,EOT24INTERIM-20241128044824-crawl843
584,EOT24INTERIM-20241128052308-crawl912
584,EOT24INTERIM-20241127233231-crawl843
584,EOT24INTERIM-20241128015845-crawl843
584,EOT24INTERIM-20241127234456-crawl912
584,EOT24INTERIM-20241127224911-crawl912
584,EOT24INTERIM-20241127230806-crawl912
584,EOT24INTERIM-20241128015740-crawl912
584,EOT24INTERIM-20241128021637-crawl912
584,EOT24INTERIM-20241128055953-crawl912
584,EOT24INTERIM-20241128053610-crawl912
584,EOT24INTERIM-20241128012529-crawl843
584,EOT24INTERIM-20241128021753-crawl843
584,EOT24INTERIM-20241128042905-crawl912
584,EOT24INTERIM-20241127232747-crawl912
584,EOT24INTERIM-20241128023051-crawl912
584,EOT24INTERIM-20241128025119-crawl912
584,EOT24INTERIM-20241128020142-crawl912
584,EOT24INTERIM-20241128042412-crawl843
584,EOT24INTERIM-20241128062355-crawl912
584,EOT24INTERIM-20241127235303-crawl843
584,EOT24INTERIM-20241128013708-crawl912
584,EOT24INTERIM-20241128003826-crawl912
584,EOT24INTERIM-20241128014230-crawl843
584,EOT24INTERIM-20241128042143-crawl912
584,EOT24INTERIM-20241127223629-crawl912
584,EOT24INTERIM-20241128001722-crawl912
584,EOT24INTERIM-20241128022151-crawl912
584,EOT24INTERIM-20241128050640-crawl912
584,EOT24INTERIM-20241128015420-crawl912
584,EOT24INTERIM-20241127235113-crawl912
584,EOT24INTERIM-20241128044244-crawl912
584,EOT24INTERIM-20241128021058-crawl912
584,EOT24INTERIM-20241128014109-crawl912
584,EOT24INTERIM-20241127225536-crawl912
584,EOT24INTERIM-20241127232412-crawl912
584,EOT24INTERIM-20241128030724-crawl912
584,EOT24INTERIM-20241128012634-crawl843
584,EOT24INTERIM-20241128030234-crawl843
584,EOT24INTERIM-20241128043943-crawl843
584,EOT24INTERIM-20241128054008-crawl843
584,EOT24INTERIM-20241128053419-crawl912
584,EOT24INTERIM-20241127230311-crawl912
584,EOT24INTERIM-20241127233711-crawl912
584,EOT24INTERIM-20241128022942-crawl843
584,EOT24INTERIM-20241127234006-crawl912
584,EOT24INTERIM-20241128004539-crawl912
584,EOT24INTERIM-20241127231218-crawl912
584,EOT24INTERIM-20241128012143-crawl912
584,EOT24INTERIM-20241128061611-crawl912
584,EOT24INTERIM-20241128001540-crawl843
584,EOT24INTERIM-20241127234842-crawl912
584,EOT24INTERIM-20241127233524-crawl912
584,EOT24INTERIM-20241128014433-crawl912
584,EOT24INTERIM-20241128001011-crawl912
584,EOT24INTERIM-20241128034259-crawl912
584,EOT24INTERIM-20241127235359-crawl912
584,EOT24INTERIM-20241127235729-crawl912
584,EOT24INTERIM-20241127224148-crawl912
584,EOT24INTERIM-20241128035625-crawl912
584,EOT24INTERIM-20241128033437-crawl912
584,EOT24INTERIM-20241127231304-crawl912
584,EOT24INTERIM-20241128024311-crawl912
584,EOT24INTERIM-20241128025051-crawl912
584,EOT24INTERIM-20241128055335-crawl912
584,EOT24INTERIM-20241128033324-crawl912
584,EOT24INTERIM-20241128051045-crawl912
584,EOT24INTERIM-20241128003222-crawl912
584,EOT24INTERIM-20241127234249-crawl912
584,EOT24INTERIM-20241128005941-crawl912
584,EOT24INTERIM-20241128031652-crawl912
584,EOT24INTERIM-20241127230720-crawl912
584,EOT24INTERIM-20241127234824-crawl912
584,EOT24INTERIM-20241128022413-crawl843
584,EOT24INTERIM-20241127225517-crawl912
584,EOT24INTERIM-20241128011626-crawl912
584,EOT24INTERIM-20241127230951-crawl912
584,EOT24INTERIM-20241128015451-crawl843
584,EOT24INTERIM-20241128030205-crawl912
584,EOT24INTERIM-20241127233332-crawl843
584,EOT24INTERIM-20241128014935-crawl912
584,EOT24INTERIM-20241127235938-crawl912
584,EOT24INTERIM-20241128003835-crawl843
584,EOT24INTERIM-20241128000708-crawl912
584,EOT24INTERIM-20241128061311-crawl843
584,EOT24INTERIM-20241128020625-crawl912
584,EOT24INTERIM-20241128032242-crawl912
584,EOT24INTERIM-20241128033117-crawl843
584,EOT24INTERIM-20241128041433-crawl912
584,EOT24INTERIM-20241128001700-crawl912
584,EOT24INTERIM-20241128050842-crawl843
584,EOT24INTERIM-20241128030119-crawl912
584,EOT24INTERIM-20241128040709-crawl843
584,EOT24INTERIM-20241127224059-crawl843
584,EOT24INTERIM-20241128054530-crawl912
584,EOT24INTERIM-20241127234917-crawl912
584,EOT24INTERIM-20241128005142-crawl843
584,EOT24INTERIM-20241127225232-crawl843
584,EOT24INTERIM-20241127231928-crawl912
584,EOT24INTERIM-20241127232953-crawl843
584,EOT24INTERIM-20241128033134-crawl912
584,EOT24INTERIM-20241128061742-crawl912
584,EOT24INTERIM-20241128054705-crawl912
584,EOT24INTERIM-20241128000644-crawl912
584,EOT24INTERIM-20241128005710-crawl912
584,EOT24INTERIM-20241128003648-crawl912
584,EOT24INTERIM-20241128025738-crawl912
584,EOT24INTERIM-20241128002808-crawl912
584,EOT24INTERIM-20241128002734-crawl843
584,EOT24INTERIM-20241127232742-crawl912
584,EOT24INTERIM-20241128023314-crawl912
584,EOT24INTERIM-20241128053848-crawl912
584,EOT24INTERIM-20241128054640-crawl843
584,EOT24INTERIM-20241127231856-crawl912
584,EOT24INTERIM-20241128060801-crawl912
584,EOT24INTERIM-20241128051839-crawl912
584,EOT24INTERIM-20241128022932-crawl912
584,EOT24INTERIM-20241127224844-crawl912
584,EOT24INTERIM-20241128055657-crawl912
584,EOT24INTERIM-20241127234847-crawl912
584,EOT24INTERIM-20241128053554-crawl843
584,EOT24INTERIM-20241127224643-crawl912
584,EOT24INTERIM-20241128041136-crawl843
584,EOT24INTERIM-20241128013416-crawl912
584,EOT24INTERIM-20241128041010-crawl912
584,EOT24INTERIM-20241128053553-crawl843
584,EOT24INTERIM-20241128034400-crawl912
584,EOT24INTERIM-20241127233603-crawl912
584,EOT24INTERIM-20241128045637-crawl912
584,EOT24INTERIM-20241127224752-crawl843
584,EOT24INTERIM-20241128062525-crawl912
584,EOT24INTERIM-20241128010803-crawl912
584,EOT24INTERIM-20241127230707-crawl912
584,EOT24INTERIM-20241128000441-crawl912
584,EOT24INTERIM-20241128010250-crawl912
584,EOT24INTERIM-20241127232420-crawl912
584,EOT24INTERIM-20241128001252-crawl912
584,EOT24INTERIM-20241128001354-crawl843
584,EOT24INTERIM-20241128032007-crawl843
584,EOT24INTERIM-20241127230225-crawl912
584,EOT24INTERIM-20241128012455-crawl912
584,EOT24INTERIM-20241128002147-crawl912
584,EOT24INTERIM-20241128000254-crawl843
584,EOT24INTERIM-20241128043634-crawl912
584,EOT24INTERIM-20241128011132-crawl912
584,EOT24INTERIM-20241128043327-crawl843
584,EOT24INTERIM-20241128022145-crawl912
584,EOT24INTERIM-20241127232532-crawl912
584,EOT24INTERIM-20241128034243-crawl843
584,EOT24INTERIM-20241127224546-crawl912
584,EOT24INTERIM-20241127225132-crawl912
584,EOT24INTERIM-20241128044030-crawl912
584,EOT24INTERIM-20241127225854-crawl912
584,EOT24INTERIM-20241128023421-crawl843
584,EOT24INTERIM-20241128060618-crawl843
584,EOT24INTERIM-20241128012856-crawl912
584,EOT24INTERIM-20241127233020-crawl912
584,EOT24INTERIM-20241127223640-crawl912
584,EOT24INTERIM-20241128032838-crawl912
584,EOT24INTERIM-20241128034408-crawl843
584,EOT24INTERIM-20241127231613-crawl912
584,EOT24INTERIM-20241128045526-crawl912
584,EOT24INTERIM-20241128060454-crawl912
584,EOT24INTERIM-20241128044749-crawl912
584,EOT24INTERIM-20241128050424-crawl912
584,EOT24INTERIM-20241128012139-crawl912
584,EOT24INTERIM-20241128035953-crawl912
584,EOT24INTERIM-20241128004859-crawl912
584,EOT24INTERIM-20241128023837-crawl912
584,EOT24INTERIM-20241128044932-crawl843
584,EOT24INTERIM-20241128015756-crawl843
584,EOT24INTERIM-20241127232201-crawl912
584,EOT24INTERIM-20241127230433-crawl843
584,EOT24INTERIM-20241128010446-crawl843
584,EOT24INTERIM-20241128025008-crawl843
584,EOT24INTERIM-20241127230515-crawl912
584,EOT24INTERIM-20241128004930-crawl912
584,EOT24INTERIM-20241128051840-crawl912
584,EOT24INTERIM-20241127235616-crawl912
584,EOT24INTERIM-20241127200354-crawl912
584,EOT24INTERIM-20241127232814-crawl912
584,EOT24INTERIM-20241128012030-crawl843
584,EOT24INTERIM-20241128014545-crawl912
584,EOT24INTERIM-20241128034555-crawl912
584,EOT24INTERIM-20241127235026-crawl912
584,EOT24INTERIM-20241128004613-crawl843
584,EOT24INTERIM-20241127224445-crawl912
584,EOT24INTERIM-20241128004129-crawl912
584,EOT24INTERIM-20241128042758-crawl912
584,EOT24INTERIM-20241128021713-crawl912
584,EOT24INTERIM-20241128020725-crawl912
584,EOT24INTERIM-20241128005707-crawl912
585,EOT24INTERIM-20241128145201-crawl843
585,EOT24INTERIM-20241128081844-crawl912
585,EOT24INTERIM-20241128111015-crawl912
585,EOT24INTERIM-20241128111257-crawl843
585,EOT24INTERIM-20241128083451-crawl912
585,EOT24INTERIM-20241128134848-crawl912
585,EOT24INTERIM-20241128065306-crawl843
585,EOT24INTERIM-20241128085952-crawl912
585,EOT24INTERIM-20241128093258-crawl912
585,EOT24INTERIM-20241128151057-crawl912
585,EOT24INTERIM-20241128115552-crawl912
585,EOT24INTERIM-20241128094800-crawl843
585,EOT24INTERIM-20241128144046-crawl912
585,EOT24INTERIM-20241128121423-crawl843
585,EOT24INTERIM-20241128073406-crawl912
585,EOT24INTERIM-20241128125442-crawl912
585,EOT24INTERIM-20241128070920-crawl843
585,EOT24INTERIM-20241128095238-crawl912
585,EOT24INTERIM-20241128133323-crawl912
585,EOT24INTERIM-20241128135100-crawl912
585,EOT24INTERIM-20241128083327-crawl912
585,EOT24INTERIM-20241128134650-crawl912
585,EOT24INTERIM-20241128090832-crawl912
585,EOT24INTERIM-20241128064229-crawl912
585,EOT24INTERIM-20241128074059-crawl912
585,EOT24INTERIM-20241128080019-crawl912
585,EOT24INTERIM-20241128100013-crawl843
585,EOT24INTERIM-20241128141842-crawl843
585,EOT24INTERIM-20241128093853-crawl912
585,EOT24INTERIM-20241128140014-crawl912
585,EOT24INTERIM-20241128105701-crawl912
585,EOT24INTERIM-20241128123537-crawl912
585,EOT24INTERIM-20241128065613-crawl912
585,EOT24INTERIM-20241128102323-crawl843
585,EOT24INTERIM-20241128125552-crawl912
585,EOT24INTERIM-20241128133829-crawl912
585,EOT24INTERIM-20241128073005-crawl912
585,EOT24INTERIM-20241128103221-crawl912
585,EOT24INTERIM-20241128145917-crawl912
585,EOT24INTERIM-20241128071444-crawl843
585,EOT24INTERIM-20241128141610-crawl912
585,EOT24INTERIM-20241128095056-crawl912
585,EOT24INTERIM-20241128151953-crawl843
585,EOT24INTERIM-20241128112418-crawl912
585,EOT24INTERIM-20241128081327-crawl912
585,EOT24INTERIM-20241128101429-crawl912
585,EOT24INTERIM-20241128131241-crawl912
585,EOT24INTERIM-20241128141156-crawl912
585,EOT24INTERIM-20241128063754-crawl843
585,EOT24INTERIM-20241128121634-crawl912
585,EOT24INTERIM-20241128063232-crawl843
585,EOT24INTERIM-20241128133845-crawl843
585,EOT24INTERIM-20241128140245-crawl912
585,EOT24INTERIM-20241128073408-crawl912
585,EOT24INTERIM-20241128112648-crawl843
585,EOT24INTERIM-20241128062857-crawl912
585,EOT24INTERIM-20241128145427-crawl912
585,EOT24INTERIM-20241128133849-crawl912
585,EOT24INTERIM-20241128104422-crawl843
585,EOT24INTERIM-20241128094119-crawl912
585,EOT24INTERIM-20241128100028-crawl912
585,EOT24INTERIM-20241128063919-crawl912
585,EOT24INTERIM-20241128070913-crawl912
585,EOT24INTERIM-20241128142618-crawl912
585,EOT24INTERIM-20241128130054-crawl912
585,EOT24INTERIM-20241128113702-crawl912
585,EOT24INTERIM-20241128100502-crawl912
585,EOT24INTERIM-20241128090857-crawl912
585,EOT24INTERIM-20241128092105-crawl912
585,EOT24INTERIM-20241128065455-crawl912
585,EOT24INTERIM-20241128104716-crawl843
585,EOT24INTERIM-20241128132648-crawl912
585,EOT24INTERIM-20241128144357-crawl912
585,EOT24INTERIM-20241128112353-crawl912
585,EOT24INTERIM-20241128115028-crawl912
585,EOT24INTERIM-20241128120148-crawl912
585,EOT24INTERIM-20241128124545-crawl912
585,EOT24INTERIM-20241128112050-crawl912
585,EOT24INTERIM-20241128133456-crawl912
585,EOT24INTERIM-20241128102625-crawl843
585,EOT24INTERIM-20241128123553-crawl912
585,EOT24INTERIM-20241128140320-crawl912
585,EOT24INTERIM-20241128141522-crawl912
585,EOT24INTERIM-20241128110202-crawl843
585,EOT24INTERIM-20241128141503-crawl912
585,EOT24INTERIM-20241128072058-crawl843
585,EOT24INTERIM-20241128144649-crawl912
585,EOT24INTERIM-20241128064239-crawl843
585,EOT24INTERIM-20241128065401-crawl912
585,EOT24INTERIM-20241128091850-crawl912
585,EOT24INTERIM-20241128150814-crawl912
585,EOT24INTERIM-20241128110543-crawl912
585,EOT24INTERIM-20241128082440-crawl843
585,EOT24INTERIM-20241128130746-crawl912
585,EOT24INTERIM-20241128123224-crawl843
585,EOT24INTERIM-20241128114429-crawl843
585,EOT24INTERIM-20241128082445-crawl912
585,EOT24INTERIM-20241128082506-crawl912
585,EOT24INTERIM-20241128110933-crawl912
585,EOT24INTERIM-20241128113939-crawl912
585,EOT24INTERIM-20241128143223-crawl912
585,EOT24INTERIM-20241128073053-crawl912
585,EOT24INTERIM-20241128091309-crawl912
585,EOT24INTERIM-20241128080218-crawl912
585,EOT24INTERIM-20241128062635-crawl912
585,EOT24INTERIM-20241128085100-crawl912
585,EOT24INTERIM-20241128121716-crawl912
585,EOT24INTERIM-20241128071944-crawl912
585,EOT24INTERIM-20241128151126-crawl912
585,EOT24INTERIM-20241128102848-crawl912
585,EOT24INTERIM-20241128120131-crawl912
585,EOT24INTERIM-20241128104159-crawl912
585,EOT24INTERIM-20241128100223-crawl912
585,EOT24INTERIM-20241128114530-crawl843
585,EOT24INTERIM-20241128124622-crawl912
585,EOT24INTERIM-20241128082313-crawl912
585,EOT24INTERIM-20241128075653-crawl912
585,EOT24INTERIM-20241128130747-crawl912
585,EOT24INTERIM-20241128144936-crawl912
585,EOT24INTERIM-20241128121124-crawl912
585,EOT24INTERIM-20241128101358-crawl912
585,EOT24INTERIM-20241128104317-crawl912
585,EOT24INTERIM-20241128070328-crawl912
585,EOT24INTERIM-20241128092719-crawl912
585,EOT24INTERIM-20241128072042-crawl912
585,EOT24INTERIM-20241128071616-crawl912
585,EOT24INTERIM-20241128090047-crawl912
585,EOT24INTERIM-20241128084748-crawl912
585,EOT24INTERIM-20241128114142-crawl912
585,EOT24INTERIM-20241128131110-crawl912
585,EOT24INTERIM-20241128080708-crawl912
585,EOT24INTERIM-20241128101454-crawl912
585,EOT24INTERIM-20241128074937-crawl843
585,EOT24INTERIM-20241128082913-crawl912
585,EOT24INTERIM-20241128093157-crawl843
585,EOT24INTERIM-20241128101223-crawl843
585,EOT24INTERIM-20241128123944-crawl912
585,EOT24INTERIM-20241128093554-crawl912
585,EOT24INTERIM-20241128114940-crawl912
585,EOT24INTERIM-20241128150555-crawl912
585,EOT24INTERIM-20241128124743-crawl843
585,EOT24INTERIM-20241128084656-crawl912
585,EOT24INTERIM-20241128080713-crawl843
585,EOT24INTERIM-20241128102615-crawl912
585,EOT24INTERIM-20241128113616-crawl912
585,EOT24INTERIM-20241128132500-crawl912
585,EOT24INTERIM-20241128143452-crawl912
585,EOT24INTERIM-20241128101948-crawl912
585,EOT24INTERIM-20241128100436-crawl912
585,EOT24INTERIM-20241128094454-crawl912
585,EOT24INTERIM-20241128123019-crawl912
585,EOT24INTERIM-20241128131754-crawl912
585,EOT24INTERIM-20241128085638-crawl912
585,EOT24INTERIM-20241128074546-crawl912
585,EOT24INTERIM-20241128122844-crawl912
585,EOT24INTERIM-20241128114851-crawl912
585,EOT24INTERIM-20241128134329-crawl843
585,EOT24INTERIM-20241128112413-crawl912
585,EOT24INTERIM-20241128104335-crawl912
585,EOT24INTERIM-20241128113546-crawl843
585,EOT24INTERIM-20241128090518-crawl843
585,EOT24INTERIM-20241128094306-crawl843
585,EOT24INTERIM-20241128141411-crawl843
585,EOT24INTERIM-20241128080933-crawl912
585,EOT24INTERIM-20241128081214-crawl912
585,EOT24INTERIM-20241128071536-crawl912
585,EOT24INTERIM-20241128132154-crawl912
585,EOT24INTERIM-20241128103124-crawl912
585,EOT24INTERIM-20241128073639-crawl843
585,EOT24INTERIM-20241128075310-crawl843
585,EOT24INTERIM-20241128084146-crawl912
585,EOT24INTERIM-20241128103849-crawl912
585,EOT24INTERIM-20241128131348-crawl843
585,EOT24INTERIM-20241128074552-crawl912
585,EOT24INTERIM-20241128075032-crawl843
585,EOT24INTERIM-20241128120633-crawl912
585,EOT24INTERIM-20241128070546-crawl912
585,EOT24INTERIM-20241128092201-crawl912
585,EOT24INTERIM-20241128132146-crawl843
585,EOT24INTERIM-20241128123517-crawl843
585,EOT24INTERIM-20241128125543-crawl843
585,EOT24INTERIM-20241128094755-crawl912
585,EOT24INTERIM-20241128105407-crawl912
585,EOT24INTERIM-20241128120816-crawl843
585,EOT24INTERIM-20241128084505-crawl843
585,EOT24INTERIM-20241128143024-crawl912
585,EOT24INTERIM-20241128065312-crawl912
585,EOT24INTERIM-20241128105444-crawl912
585,EOT24INTERIM-20241128152150-crawl912
585,EOT24INTERIM-20241128084331-crawl912
585,EOT24INTERIM-20241128125148-crawl912
585,EOT24INTERIM-20241128063948-crawl912
585,EOT24INTERIM-20241128092628-crawl843
585,EOT24INTERIM-20241128090144-crawl843
585,EOT24INTERIM-20241128105746-crawl912
585,EOT24INTERIM-20241128152207-crawl912
585,EOT24INTERIM-20241128130220-crawl912
585,EOT24INTERIM-20241128074814-crawl912
585,EOT24INTERIM-20241128143953-crawl912
585,EOT24INTERIM-20241128091406-crawl912
585,EOT24INTERIM-20241128135910-crawl843
585,EOT24INTERIM-20241128090122-crawl843
585,EOT24INTERIM-20241128142314-crawl843
585,EOT24INTERIM-20241128063645-crawl912
585,EOT24INTERIM-20241128140024-crawl912
585,EOT24INTERIM-20241128122251-crawl912
585,EOT24INTERIM-20241128145602-crawl843
585,EOT24INTERIM-20241128070721-crawl912
585,EOT24INTERIM-20241128120925-crawl912
585,EOT24INTERIM-20241128075259-crawl912
585,EOT24INTERIM-20241128111127-crawl912
585,EOT24INTERIM-20241128145951-crawl912
585,EOT24INTERIM-20241128083651-crawl843
585,EOT24INTERIM-20241128081912-crawl843
585,EOT24INTERIM-20241128134638-crawl912
590,203194_Home_Movie_010824
590,201334_The_Dan_Smoot_Report_The_Fourteenth_Amendment_386
590,201633_Highlights_of_1956
590,200774_38_Familias
590,201765_Beyond_All_Barriers
590,201373_News_Footage_1954_Can_1
590,202772_Phal_Collection_011833
590,202241_Student_Directed_Curriculum
590,200428_The_Industrial_Worker
590,202226_Peoples_Park
590,203044_Hirota_Collection_071164
590,201766_Boys_Beware
590,202946_Home_Movie_001501
590,202947_Home_Movie_001505
590,201185_Sections_From_History_of_the_Atomic_Bomb
590,201438_National_Archives_Master_R1
590,202735_Home_Movie_001104
590,203072_Home_Movie_001507
590,203518_Villareal_Collection_000412
590,201483_Home_Movie_010315
590,202549_Home_Movie_000542
590,lost-landscapes
590,202133_Sitdown_At_Chrysler
590,201646_Shotgun_or_Sidearm
590,201336_John_Birch_R1
590,201193_Home_Movie_096022
590,202950_Home_Movie_001503
590,202647_Stallings_Collection_001496
590,202245_Kampuchea_Will_Be_Victorious
590,203028_Home_Movie_001497
590,201768_The_Green_City
590,202944_Home_Movie_001499
590,201170_Flea_Market_Rough_Cut
590,202222_Wilmington
590,203135_Villareal_Collection_000411
590,203047_Home_Movie_071175
590,202948_Home_Movie_001504
590,202225_The_Earth_Belongs_to_the_People
590,201466_Ransohoff_Collection_010149
590,201330_The_School_Bus_and_You
590,201579_The_Dangerous_Years
590,201168_Cal_Protest_9-17-1963
590,202960_Home_Movie_001492
590,202224_Childcare_Peoples_Liberation
590,201553_Medina_Boe
590,202987_Dewey_Collection_001298
590,201957_Home_Movie_004701
590,201971_Home_Movie_004715
590,201962_Home_Movie_004706
590,201548_Home_Movie_002372
590,202223_Army
590,203447_Newhouser_Collection_011758
590,201507_Home_Movie_010825
590,201763_Home_Movie_000257
590,201769_Home_Movie_000486
590,202945_Home_Movie_001500
590,202648_Stallings_Collection_001495
611,Rohingya-songs
611,Rohingya-Newspaper-Cuts
611,rohingya-quran-translation-audio
611,videos_202505
611,rohingya-school-books
611,images_20250510_1600
611,Rohingya-books
611,OldMapsofArakan
611,language-resources
