storageid,identifier
409,ia35000014002
409,ia35000032005
409,pet1136r1
409,pet1190r3
409,pet1145r4
409,pet1193r1f
409,pet1170r4la
409,pet1107r3i
409,AFP-27AV
409,pet1011r1
409,pet1188r4nysf
409,pet1058r4
409,pet1068r3
409,pet1158r1d
409,pet999r4
409,37d20sc14
409,17db95487408
409,pet1031r1a
409,pet1169r4baltowp
409,pet1189r1d
409,pet1175r2a
409,pet1028r5
409,pet1135r4b
409,pet1103r5
409,pet1033r5
409,pet1158r2a
409,pet1018r2la
409,pet985r5d
409,ia35000035002
409,ia35000001001
409,pet989r4
409,pet1020r4a
409,pet1114r3stpetersburgflsouth
409,cln45d5r15sf
409,PET1165_R-1_A
409,pet1175r5a
409,pet614cln36b19
409,pet559720270.01to.14n
409,pet1084r1a
409,pet1004r3b
409,pet1104r2
409,pet1169r1bunkerhill
409,38a3sc14b
409,pet5187pet671r1b
409,ia35000004006
409,pet1001r2b
409,IA_35000449N_C
409,pet1170r2la
409,pet5187pet674r1
409,pet1107r4b_201908
409,pet1132r5la
409,cln191919can3bny
409,pet1183r5sf
409,pet1099r3
409,ia35000034009
409,pet1193r1a
409,pet1182r3la
409,ia35000005001
409,PET1001_R-5A
409,pet1193r2e
409,ia35000031002
409,pet5187pet680r2c
409,PET718_VarArchive3
409,37d19sc4
409,pet5187pet680r2a
409,pet1108r1a
409,afp2bzno9
409,ia35000035004
409,pet963r2
409,PET0980_R-5A
409,pet1049r4
409,pet1020r5a
409,pet1137r4e
409,pet1188r5b
409,pet1083r5a
409,36b18
409,IA_35000422
409,PET960_R-2
409,pet1027r1b
409,pet1068r1
409,afp87wr1peasantsparadise
409,PET1034_R-5
409,afp37bjnet352
409,pet702r1a
409,pet985r5a
409,pet1153r2paris
409,pet1172r5la
409,ia35000038011
409,pet1095r5
409,pet5187pet671r1a
409,pet1025r4dc
409,pet720var3
409,pet1186r4c
409,ia35000032011
409,pet1029r2
409,pet1035r2
409,pet1184r3b
409,36b9sc56
409,pet5187pet693r1a
409,pet1167r5bny
409,pet1034r3
409,pet1169r3
409,pet1028r1
409,NET356_R-2
409,pet1041r5
409,pet5187pet681r2j
409,ia35000041020
409,pet1137r4d
409,pet1048r5h
409,pet1020r1bchicago
409,ia35000031009
409,afp59jb
409,pet1084r1d
409,pet441
409,pet1025r3adc
409,pet1161r1a
409,pet1108thefolliesb
409,pet997r2a
409,pet5187pet680r2d
409,pet1173r3
409,pet993r5
409,pet980r5a
409,pet458_201908
409,pet5187pet704r3
409,pet110823eg69600666b
409,pet1138r5f
409,pet1178r4
409,pet1067r5
409,pet1165r1c
409,56df40030414
409,pet1103r2
409,ia3500004204
409,pet1148r1
409,2fon5g8kf240f04barnanimals
409,pet1190r1b
409,pet1161r4a
409,afp78fc
409,pet559720270.01to.14m
409,pet1034r1
409,pet1167r2labunkerhill
409,pet1028r4b
409,pet1193r4d
409,pet1120r3b
409,pet970r4
409,ia35000036004
409,pet7181
409,ia35000038010
409,pet1175r2c
409,pet1194r2b
409,pet1048r1a
409,pet1167r1nybronx
409,pet1107r2b
409,pet1174r1c
409,pet1166r3c
409,pet1048r5i
409,pet1015r1ala_201908
409,petmr41624163r2
409,pet1158r1a
409,pet1177r1g
409,pet1001r5c
409,IA_35000468N
409,pet1170r5c
409,pet963r5c
409,ia35000036013
409,pet1177r1f
409,pet1177r1c
409,pet983r3
409,ia35000005007
409,afp59jd
409,pet1041r1b
409,pet996r2
409,ia35000017004
409,pet1058r3
409,pet5187pet670r1
409,pet1190r2a
409,ia35000033003
409,PET1153_R-5A
409,pet1189r2c
409,ia35000034001
409,ia35000037006
409,pet1188r5a
409,ia35000032001
409,ia35000036008
409,cln85g99
409,pet1143r1d
409,pet1020r3a
409,pet1016r2
409,IA_35000450N_Y
409,pet1164r5any
409,alasfoilwells
409,pet1002r3b
409,pet1036r22nd
409,pet1008r1b_201908
409,pet5187pet713r1
409,ia35000038012
409,pet1050r2
409,pet1166r3e
409,pet559720270.01to.14i
409,ia35000013003
409,pet1011r5e
409,pet978r1
409,ia35000041002
409,pet1194r4
409,pet1048r5a
409,pet997r3b
409,ia35000036002
409,pet1020r3d
409,pet5187pet682r1b_201908
409,pet559720270.01to.14a
409,pet1189r2f
409,pet1095r4
409,ia35000041019
409,PET960_R-4
409,ia35000001005
409,seesheetp16csf
409,pet1143r4
409,pet1007r5_201908
409,pet1193r2a
409,pet1159r1c
409,pet1180r3bsf
409,pet966r5
409,pet5187pet674r2a
409,PET1157_R-2B
409,pet5187pet682r2b
409,pet1182r5la
409,pet1113r5
409,pet1014r5
409,pet1001r4
409,pet956r5copy
409,37d19sc1
409,pet1143r5c
409,pet1136r3
409,ia35000032010
409,pet958r1
409,afp59jc
409,pet5187pet679r2
409,IA_35000415N_001
409,pet995r4
409,pet1037r5b
409,pet1155r5c
409,InternetArchive35mmStockFootageSampleReel
409,pet979r3c
409,ia35000019001
409,pet1189r2a
409,pet1143r1c
409,net357r4
409,pet963r3
409,ia35000021001
409,pet1174r4a
409,pathefreres2a
409,pet1193r2g
409,pet5187pet673r3b
409,pet1048r5e
409,ia35000035001
409,cln191919can3any
409,pet1011r1start
409,petmr41624163187b
409,pet1011r3b
409,pet1158r2e
409,PET721_Var1
409,pet979r5lalondon
409,17db95488588
409,pet996r5a
409,AFP-37BJ_NET_352
409,pet955r1a
409,pet1137r5
409,ia35000036001
409,pet1027r1a
409,ia35000033004
409,pet1011r5a
409,pet1158r1e
409,pet1099r4
409,ia35000003002
409,NightClubWeehawkenFerry
409,pet1162r3b
409,pet993r3
409,pet1108streetlevelb
409,pet559720270.01to.14j
409,38a3sc14d
409,pet1189r5d
409,pet990r1
409,cln36c17can2
409,pet701r3
409,pet1184r5a
409,pet1034r2b
409,38a4r10b
409,pet1014r3
409,pet1159r1a
409,pet1173r1
409,pet985r4
409,PET960_R-3
409,pet1042r1
409,pet1189r5a
409,pet1157r2a
409,pet1108streetlevelc
409,IA_35000445N_Y
409,pet1158r2c
409,ia35000001003
409,pet1036r5
409,pet1011r5b
409,ia35000040001
409,AFP-38_AS
409,pet1159r3
409,ia35000022003
409,AFP-136CU_NET360_R-3
409,pet1118r5a
409,pet1012r1c
409,pet1067r3
409,his1stride1907
409,pet957r2
409,pet1013r4
409,pet1015r4a
409,pet1189r3a
409,pet1187r3bdc
409,pet1065r5
409,net357r5b
409,ia35000004005
409,pet1174r3c
409,pet1001r2fla
409,pet1048r4b
409,pet1055r1
409,pet1181r1c
409,pet1180r4bla
409,pet989r3
409,pet977r1
409,pet1103r4
409,PET0981_R-3_LA
409,pet1171r4b
409,pet1012r5
409,PET996_R-5D
409,pet1049r5
409,pet1049r2
409,pet1159r4
409,pet1104r1
409,AFP-19-OJ_R-2_TheMechanic_B
409,pet720var1
409,pet1116r5a
409,IA_35000414N_001
409,PET1018_R-1_LA
409,pet1193r4esf
409,ia35000021002
409,pet1120r1b
409,pet1023r4a
409,ia35000019002
409,pet1186r3a
409,pet979r1b
409,pet1168r3bla
409,afp38antheoldpioneer
409,ia35000017002
409,pet1033r4
409,ia35000019005
409,pet1178r5a
409,pet955r4b
409,ia35000041006
409,pet1041r4
409,pet1001r3d
409,pet997r2b
409,ia35000005016
409,pet1001r2c
409,pet1027r5b
409,pet1018r5la
409,pet1192r2c
409,pet1181r2cuba
409,pet1107r3g
409,pet1083r3
409,pet5187pet1158r5
409,pet962r5
409,pet1167r5alabunkerhill
409,pet1001r3b
409,pet698r3a
409,ia35000004008
409,his1stridetitle
409,pet1143r2a
409,pet996r3
409,ia35000038002
409,pet1143r3b
409,pet1184r3a
409,pet1158r3d
409,pet721var1
409,pet997r3a
409,pet1172r3
409,pet1153r5
409,AFP-80D_Mussolini_Speaks_Pt5
409,ia35000036007
409,pet1193r5b
409,IA_35000428
409,PET1034_R-2A
409,pet1060r1
409,IA_35000448N_C
409,pet1132r1
409,pet1151r5
409,ia35000004001
409,pet1189r5b
409,pet1189r1b
409,pet1107r3b
409,PET1018_R-2_LA
409,pet1172r1start
409,pet1156r5b
409,pet1159r2b
409,pet5187pet681r1a
409,pet1002r1la
409,pet5187pet682r1d
409,pet1103r1c
409,pet1153r5b
409,ia35000001002
409,pet1143r2b
409,IA_35000447N_C
409,pet1188r2sf
409,pet5187pet713r2b
409,pet1102r4
409,ia35000011001_201908
409,PET1034_R-4
409,pet5187pet682r1c
409,pet981r2lacolor
409,IA_35000446N_Y
409,pet1048r4
409,pet1177r4a
409,PET1018_R-5_LA
409,ia35000002004
409,pet1137r4c
409,pet1158r1c
409,ia35000018006
409,pet5187pet688r1
409,pet1158r4d
409,IA_35000444N_Y
409,ia35000041007
409,pet1070r4b
409,pet1189r1c
409,pet1117r4
409,ia35000003004
409,ia35000013005
409,pet1067r2ny
409,seesheetp16asf
409,ia35000004003
409,ia35000032008
409,pet1143r3a
409,pet1137r4a
409,pet1159r2c
409,seesheetp22atod2la
409,pet1118r5b
409,pet1015r2
409,pet1143r5e
409,pet1014r5any
409,IA_35000412N_001
409,pet5187pet693r1b
409,PatheFreres_1B
409,pet981r1la
409,pet1048r5d
409,IA_35000439N
409,pet1084r1b
409,ia35000031003
409,pet1117r5a
409,ia35000041015
409,pet1184r1
409,pet1143r5b
409,PET1157_R-1D
409,pet1161r3c
409,pet1190r4
409,ia35000013002
409,NET357_R-4
409,pet1161r2
409,pet5187pet689r1
409,afp78fa
409,pet1041r1a
409,pet1048r5b
409,IA_35000430
409,pet1174r3d
409,pet5187pet682r2g
409,cln34e10ala
409,pet1154r3
409,PET720_Var3
409,ia35000005002
409,pet5187pet681r2c
409,pet1181r4b
409,pet979r4bla
409,pet1180r4a
409,pet1107r4a
409,cln36c23b
409,cln36c5can1
409,pet986r5la
409,PET997_R-3A
409,pet1012r1a
409,pet1107r2c
409,afp25bea
409,ia35000041018
409,pet1154r4b
409,pet5187pet688r2c
409,ia35000039001
409,pet5187pet682r2f
409,pet1008r1b
409,pet1008r1
409,pet1104r3
409,ia35000005019
409,pet5187pet681r2k
409,pet1108r1b
409,net357r2
409,pet1006r5sf
409,pet1058r1
409,ia35000041016
410,IA_35000448N_Y
410,pet1174r2a
410,pet989r5
410,pet1119r5
410,pet1035r4b
410,wb040736
410,pet995r5a
410,ia35000005013
410,pet995r2b
410,pet1153r5a
410,pet5187pet673r3d
410,pet1155r3c
410,ia35000005004
410,pet1174r5a
410,pet5187pet673r1a
410,pet1014r2
410,pet1165r1b
410,pet1049r1
410,pet5187pet681r2e
410,pet996r4a
410,pet559720270.01to.14l
410,pet1049r3
410,pet1187r1ny
410,pet1018r3la
410,pet5187pet688r3d
410,pet1036r3
410,IA_35000450N_C
410,pet976r1b
410,afp19ojr2themechanica
410,pet975r5blondon
410,pet1143r1b
410,ia35000015002002
410,pet5187pet741r6
410,pet1010r2
410,pet1168r5la
410,pet1156r2
410,CLN-45-D-5_R1-5_SF
410,pet1185r5asausalito
410,ia35000032009
410,PET1027_R-1B
410,pet1157r1c
410,pet1171r1
410,pet1020r5b
410,net356r2
410,pet1175r4b
410,IA_35000460_SND
410,pet1176r1ala
410,pet5187pet681r2d
410,pet1168r4ala
410,pet1014r1
410,pet5187pet685r1
410,pet5187pet673r1b
410,pet5187pet699r1b
410,pet1162r1c
410,pet1175r4d
410,wingsovergoldengatebridgea
410,pet961r1
410,misccan5a263b
410,pet559720270.01to.14h
410,pet986r2laphl
410,IA_35000459N
410,pet1155r3b
410,afp73ai
410,37c5sc1
410,37d19sc3
410,afp78ahr3
410,pet981r4
410,ia35000034008
410,pet1001r5a
410,pet1011r5f
410,ia35000035003
410,pet1192r2a
410,pet718vararchive3
410,pet1107r3h
410,pet979r4ala
410,PP4050B
410,pet5187pet681r1_201908
410,ia35000031001
410,pet1138r4b
410,pet1193r1c
410,pet1133r5b
410,38a4r10a
410,pet980r2
410,pet1168r3a
410,pet1170r5a
410,pet1020r3b
410,ia35000034006
410,38a3sc14e
410,pet1015r2_201908
410,CLN-37-G-3
410,pet1156r1c
410,pet1008r1a
410,ia35000022006
410,afp74bd
410,pet1137r2b
410,pet1175r4c
410,ia35000041011
410,pet1148r3
410,pet5187pet689r2b
410,pet1020r3c
410,ia35000032004
410,pet977r2
410,pet1014r5bny_201908
410,pet1096r2
410,ia35000018002
410,pet1158r2f
410,pet1120r2a
410,wb032271pp10065sfla
410,pet1186r1c
410,ia35000018007
410,IA_35000423_002
410,pet1037r5a
410,pet989r2sf
410,ia35000034011
410,pet958r3
410,37d19sc2
410,pet1179r3
410,pet5187pet682r2d
410,pet1158r3a
410,pet985r5c
410,pet1159r1g
410,pet1178r3
410,pet1036r1a
410,pet993r2
410,ia35000041008
410,pet1177r1b
410,pet415ycm137can5
410,pet1048r5g
410,pet5187pet713r2a
410,ia35000005006
410,ia35000038005
410,pet1034r2a
410,wb030741pp4050a
410,pet1070r5b
410,pet717var3
410,PET960_R-5A
410,IA_35000461
410,pet1000r1
410,pet1135r3a
410,pet718vararchive2
410,pet1073r4
410,ia35000041001
410,pet5187pet687r3a
410,pet5187pet681r2i
410,pet1118r1
410,PET1001_R-5C
410,ia35000031004
410,NET357_R-5B
410,pet1143r1a
410,pet1166r5
410,pet5187pet680r1b
410,pet1135r2
410,pet5187pet692r2
410,pet1189r1a_201908
410,pet1002r6
410,pet990r4bla
410,pet5187pet705r3
410,pet1008r1cla
410,pet5187pet688r2b
410,pet1031r1c
410,pet1193r4a
410,pet1166r3a
410,pet5187pet699r3
410,pet1158r2g
410,pet1001r5b
410,pet110813ef3396634003
410,pet1175r4ala
410,pet1020r2a
410,pet985r5b
410,56df40030414ala
410,afp78fd
410,pet1180r1lany
410,afp94cbluedanube
410,5759798218
410,pet5187pet682r1c_201908
410,PET1002_R-6
410,ia35000037001
410,pet1027r5d
410,pet990r3asf
410,pet1167r4
410,IA_35000419
410,afp136cunet360r3
410,pet983r2
410,pet1107r3e
410,pet1176r1bla
410,ia35000031007
410,IA_35000421
410,afp59ja
410,pet1007r6
410,pet1173r3_201908
410,pet1174r3a
410,pet1175r3any
410,pet1073r1
410,pet1010r5a
410,pet1009r3
410,pet1133r5a
410,pet1177r2bny
410,pet5187pet684r3
410,PET1027_R-4A
410,IA_35000432
410,pet5187pet699r1a
410,P-16C_SF
410,pet1158r4c
410,afp130dvsoftballno6
410,cln37g9
410,pet1011r5d
410,pet1154r5b
410,pet1133r4_201908
410,pet1175r1clany
410,pet1184r2
410,pet1190r5
410,cln34e10cla
410,27EG-28-EG-58_HOTRODS
410,pet1010r3b
410,ia35000031006
410,misccan2a17h
410,pet1170r1
410,pet1158r2h
410,ia35000023003
410,pet5187pet687r3b
410,pet1103r1b
410,pet1161r3b
410,pet1160r5
410,pet1023r2
410,AFP-67AG_NET356_R-6
410,pet1038r1
410,pet1019r3any
410,pet1134r2a
410,PET959_R-4
410,pet1014r5bny
410,pet1194r1
410,pet1027r5
410,afp96bd
410,pet1011r5c
410,AFP-94C_BlueDanube
410,pet1157r1a
410,pet1190r1a
410,pet5187pet682r1e
410,pet1174r5b
410,pet1015r3
410,pet1193r2h
410,ia35000038006
410,afp19ojr2themechanicb
410,36b9sc14
410,36b14sc1
410,pet1172r1
410,ia35000036009
410,PET1157_R-3_NY
410,pet1193r2c
410,pet1083r4
410,P-16B_SF
410,ia35000038009
410,pet1011r4
410,ia35000013004
410,pet5187pet741r5a
410,pet1176r4ala
410,pet5187pet704r2
410,40ebaerialsoverhollywood
410,ia35000034013
410,pet5187pet686r3
410,pet1019r3bny
410,pet1025r3bdc
410,P-23D-E
410,pet1116r5bsf
410,pet1189r1a
410,pet1156r5a
410,pet1007r4
410,ia35000038008
410,pet1001r3a
410,pet1019r2nyla
410,PET1018_R-3_LA
410,pet1107r3a
410,pet1134r2b
410,pet1024r1
410,WingsoverGoldenGateBridge_A
410,pet1185r5bsfshipyard
410,pet1168r2la
410,pet1036r1b
410,afp128r
410,AFP-87W_R-1_PeasantsParadise
410,pet1138r1a
410,afp38as
410,IA_35000455N
410,ia35000041010
410,pet1013r2b
410,pet1192r4
410,pet5187pet681r1
410,ia35000023001
410,pet963r5b
410,pet1032r4
410,ia35000005003
410,pet1000r2
410,cln5a3
410,pet1186r1a
410,pet5187pet680r3a
410,pet1176r2
410,PET1027_R-1A
410,pet5187pet669r4
410,pet1169r5labalto
410,pet1193r5a
410,pet1174r4c
410,pet1193r1d
410,pet990r2sf
410,afp133jchinawar
410,pet5187pet687r4
410,PET959_R-2
410,pet1187r4
410,pet5187pet681r2l
410,pet1034r4
410,pet1189r1b_201908
410,pet1107r3c
410,ia35000035005
410,pet5187pet713r2c
410,pet1048r2
410,pet1186r2
410,ia35000005015
410,pet559720270.01to.14f
410,pet1193r4f
410,pet1015r1b
410,pet990r3b685r2
410,pet1158r2d
410,pet1102r2
410,ia35000022004
410,pet1154r2b
410,pet1015r1ala
410,pet1189r5c
410,pet1027r4a
410,pet956r3
410,PET717_Var3
410,pet978r2
410,pet1186r4esf
410,pet1135r5
410,pet1176r5
410,pet1016r3ny
410,pet979r3a
410,pet1157r5sf
410,pet1193r3b
410,pet958r2
410,pet5187pet682r1a_201908
410,pet1107r5
410,PET-1036-R-1-A
410,pet1193r4b
410,ia35000036006
410,pet1138r5alondon
410,pet1048r3b
410,seesheetp23atocla
410,ia35000033002
410,pet1013r5
410,ia35000041003
410,pet1067r4
410,pet1007r5
410,pet1023r1b
410,CLN-36-C-17_CAN_2
410,ia35000031005
410,PET962_R-4
410,ia35000041022
410,pet5187pet672r1
410,pet997r1
410,pet1174r1bsfprodmktla
410,pet5187pet741r3
410,27eg28eg58hotrods
410,pet1143r2c
410,pet1098r5
410,36b20sc12
410,pet1189r2b
410,PET959_R-5
410,pet1000r3
410,pet1156r4a
410,pet1192r3
410,pet1175r5b
410,pet1003r5
410,PET1033_R-5
410,pet5187pet681r2b
410,ia35000033001
410,pet1143r5a
410,2F-ON-5G-8KF-240F-04
410,ia35000022005
410,pet1120r3any
410,pet1003r3
410,ia35000019003
410,pet1145r5
410,pet1174r2bla
410,pet1031r1b
410,pet1136r4b
410,pet1013r3
410,pet1152r4b
410,pet996r5d
410,pet5187pet693r2a
410,37c3sc3
410,PET1027_R-4B
410,pet1178r5b
410,pet963r4
410,pet1177r5ny
410,pet1132r2la
410,ia35000035006
410,37c5sc3
410,pet1168r4bla
410,ia35000041012
410,pet1138r1b
410,ia35000004010
410,pet702r1b
410,pet1193r2d
410,pet1189r2a_201908
410,pet1008r5
410,pet1153r1awien
410,pet1011r3a
410,pet1189r2d
410,ia35000041004
410,pet1173r2baltimore
410,pet1016r4la
410,afp133kchinawarr2
410,pet1158r1b
410,ia35000005014
410,pet995r2c
410,pet1001r1a
410,PET1165_R-1_C
410,ia35000005017
410,pet1135r4c
410,pet1107r2a
410,PET1001_R-4
410,PET1034_R-1
410,pet5187pet687r12
410,pet975r1
410,pet1177r1a
410,pet5187pet680r2b
410,pet5187pet682r2a
410,pet1019r1ny
410,pet1143r5d
410,cln37g5
410,pet1193r3a
410,pet1160r4bhavana
410,misccan5a263a
410,pet5187pet682r1a
410,4clipsseesheetla
410,PET0980_R-5B
410,pet1166r3b
410,pet1158r2b
410,IA_35000440N
410,pet1189r4b
410,pet1034r5
410,pet1174r4b
410,pet1020r1a
410,pet10371036r2
410,PET0981_R-2_LA_color
410,net356r4
410,pet5187pet688r3b
410,38a3sc14c
410,pet1174r1a
410,pet1193r2f
410,AFP-25_BE_B
410,pet559720270.01to.14k
410,pet1070r4a
410,pet1194r2a
410,pet981r3la
410,pet5187pet699r2
410,pet955r1b
410,pet1083r5b
410,CLN-37-G-5
410,ia35000013001
410,ia35000005018
410,pet1180r5
410,pet1193r2i
410,ia35000018003
410,PatheFreres_2A
410,ia35000005008
410,pet1159r1h
410,pet1037r4
410,pet1048r4a
410,PET1034_R-2B
410,pet1154r1
410,afp59jf
410,ia35000004002
410,IA_35000438N
410,pet999r2
410,pet1102r5
410,pet1186r3b
410,pet5187pet704r1a
410,pet1107r1
410,pet1171r5
410,pet1150r5c
410,AFP-25_BE_A
410,pet1180r3a
410,pet1166r1ny
410,pet1175r1b
410,pet1186r3c
410,pet985r3
410,pet110848eg31847936
410,pet5187pet684r2
410,pet1023r1a
410,pet1137r4b
410,pet1035r5
410,pet5187pet681r2f
410,pet1170r3la
410,pet1181r4a
410,ia35000041013
410,pet1134r1
410,pet1118r3
410,pet1135r3b
410,pet1010r1
410,PET1157_R-1B
410,pet5187pet693r2b
410,pet1153r1bwien
410,pet1120r3c
410,pet1114r2stpetersburgfl
410,pet1168r1a
410,pet1058r2
410,cln37g3
410,ia35000041023
410,pet1192r2e
410,ia35000020002
410,IA_35000423_001
410,pet963r5a
410,pet1177r1dla
410,pet1166r3d
410,pet989r4b
410,pet977r3
410,pet1177r1e
410,pet1012r1b
410,IA_35000458N
410,pet1048r5f
410,pet1189r3b
410,pet1143r5f
410,pet5187pet680r1a
410,pet110823768323157
410,pet1161r1b
410,pet980r5b
410,pet1160r1
410,pet5187pet685r3
410,pet1028r4c
410,pet1048r5c
410,pet1016r1
410,pet1157r1e
410,cln34e10bla
410,cln36c15
410,pet980r3
410,pet1019r4ny
410,AFP-66AG_B
410,pet1135r4a
410,pet1114r4stpetersburgfl
410,pet1157r2b
410,ia35000037004
410,LAprocessplatesandcoronation
410,pet1007r2la
410,pet110833eg37646689
410,pet1182r2la
410,MISC_CAN_5_A263_B
410,CLN-37-G-9
410,WingsoverGoldenGateBridge_B
410,ia35000036010
410,ia35000038007
410,pet1189r2e
410,pet1156r1b
410,AFP-133J_China_WAR
410,ia35000005005
410,pet1181r1acuba
410,pet1117r5b
410,pet5187pet679r3
410,pet1013r2d
410,pet1137r3
410,PET0981_R-1_LA
410,37c5sc2
410,ia35000005012
410,pet1192r5
410,pet1188r3a
410,pet1038r2a
410,ia35000038003
410,IA_35000456N
410,pet995r2a
410,pet1010r5b
410,pet1010r4b
410,ia35000036011
410,pet963r1
410,pet1083r1
410,pet1158r3c
410,pet958r5
410,AFP-128R
410,pet1009r4
410,pet1175r3bla
410,pet1184r5b
410,pet5187pet674r2c
410,pet1177r4b
410,pet1107r4b
410,ia35000022002
410,ia35000005010
410,pet1133r1
410,ia35000041014
410,pet1172r2
410,ia35000004009
410,pet1190r2b
410,pet1159r1f
410,pet966r3a
410,pet1193r1e
410,pet1189r1d_201908
410,PET458
410,pet1006r3suisuncityca
410,pet1048r4c
410,pet1136r2b
410,pet1155r5b
410,StatenIslandFerry
410,pet1156r5c
410,pet5187pet681r2m
410,pet1181r1b
410,pet1108streetlevela
410,pet1015r4b
410,pet1027r4b
410,pet1018r4lawp
410,pet1146r1
410,afp147cxqueensnyhomemovie
410,pet986r3
410,net357r5a
410,pet1156r4c
410,pet1159r1e
410,ia35000036012
410,pet1180r2ny
410,pet110823eg69600666
410,pet1175r1a
410,pet5187pet682r1b
